,filename,Classes,Labels
0,0950991.jpg,707-320,0
1,0864665.jpg,707-320,0
2,1187431.jpg,707-320,0
3,1423583.jpg,707-320,0
4,0817494.jpg,707-320,0
5,0548719.jpg,707-320,0
6,0582372.jpg,707-320,0
7,0582363.jpg,707-320,0
8,0482761.jpg,707-320,0
9,0716386.jpg,707-320,0
10,1025794.jpg,707-320,0
11,0450014.jpg,707-320,0
12,0869722.jpg,707-320,0
13,0979376.jpg,707-320,0
14,1042824.jpg,707-320,0
15,1082409.jpg,707-320,0
16,0731614.jpg,707-320,0
17,0994986.jpg,727-200,1
18,0771164.jpg,727-200,1
19,0786258.jpg,727-200,1
20,0901504.jpg,727-200,1
21,0995286.jpg,727-200,1
22,1514487.jpg,727-200,1
23,0143080.jpg,727-200,1
24,0907359.jpg,727-200,1
25,1063986.jpg,727-200,1
26,1019011.jpg,727-200,1
27,0983618.jpg,727-200,1
28,0632010.jpg,727-200,1
29,1327285.jpg,727-200,1
30,0056337.jpg,727-200,1
31,1459191.jpg,727-200,1
32,1149060.jpg,727-200,1
33,0610653.jpg,737-200,2
34,0564495.jpg,737-200,2
35,0447807.jpg,737-200,2
36,0065422.jpg,737-200,2
37,1548405.jpg,737-200,2
38,0438655.jpg,737-200,2
39,0054367.jpg,737-200,2
40,0337947.jpg,737-200,2
41,0198443.jpg,737-200,2
42,0822348.jpg,737-200,2
43,1187709.jpg,737-200,2
44,0826475.jpg,737-200,2
45,0847273.jpg,737-200,2
46,0851647.jpg,737-200,2
47,1094669.jpg,737-200,2
48,1942698.jpg,737-200,2
49,0278443.jpg,737-300,3
50,0114409.jpg,737-300,3
51,0687267.jpg,737-300,3
52,2115318.jpg,737-300,3
53,1393334.jpg,737-300,3
54,0097577.jpg,737-300,3
55,1295999.jpg,737-300,3
56,0492497.jpg,737-300,3
57,0066279.jpg,737-300,3
58,0728390.jpg,737-300,3
59,1899111.jpg,737-300,3
60,0830001.jpg,737-300,3
61,0090868.jpg,737-300,3
62,1927313.jpg,737-300,3
63,1323729.jpg,737-300,3
64,0097935.jpg,737-300,3
65,1396876.jpg,737-300,3
66,0740907.jpg,737-400,4
67,2244446.jpg,737-400,4
68,2066262.jpg,737-400,4
69,2026894.jpg,737-400,4
70,0420818.jpg,737-400,4
71,2186493.jpg,737-400,4
72,1398863.jpg,737-400,4
73,0987619.jpg,737-400,4
74,2117477.jpg,737-400,4
75,1102458.jpg,737-400,4
76,1871885.jpg,737-400,4
77,0242845.jpg,737-400,4
78,2236962.jpg,737-400,4
79,2031382.jpg,737-400,4
80,0699596.jpg,737-400,4
81,1758545.jpg,737-400,4
82,0143341.jpg,737-500,5
83,1147739.jpg,737-500,5
84,0977330.jpg,737-500,5
85,0225225.jpg,737-500,5
86,0657761.jpg,737-500,5
87,1818731.jpg,737-500,5
88,0130599.jpg,737-500,5
89,0604668.jpg,737-500,5
90,0074245.jpg,737-500,5
91,1758606.jpg,737-500,5
92,0723229.jpg,737-500,5
93,1337392.jpg,737-500,5
94,0706205.jpg,737-500,5
95,0097119.jpg,737-500,5
96,0807405.jpg,737-500,5
97,1258418.jpg,737-500,5
98,2188618.jpg,737-600,6
99,0961750.jpg,737-600,6
100,0442918.jpg,737-600,6
101,1259152.jpg,737-600,6
102,0731199.jpg,737-600,6
103,0905907.jpg,737-600,6
104,0361351.jpg,737-600,6
105,0745448.jpg,737-600,6
106,0721593.jpg,737-600,6
107,0784350.jpg,737-600,6
108,0944253.jpg,737-600,6
109,1823113.jpg,737-600,6
110,1973457.jpg,737-600,6
111,1861153.jpg,737-600,6
112,1401747.jpg,737-600,6
113,0702868.jpg,737-600,6
114,0467430.jpg,737-600,6
115,2236966.jpg,737-700,7
116,0183579.jpg,737-700,7
117,2030599.jpg,737-700,7
118,0067036.jpg,737-700,7
119,0956171.jpg,737-700,7
120,1611252.jpg,737-700,7
121,1121142.jpg,737-700,7
122,2184061.jpg,737-700,7
123,0701140.jpg,737-700,7
124,1060500.jpg,737-700,7
125,0694487.jpg,737-700,7
126,0067671.jpg,737-700,7
127,1503761.jpg,737-700,7
128,1498556.jpg,737-700,7
129,0984409.jpg,737-700,7
130,0382052.jpg,737-700,7
131,0694546.jpg,737-800,8
132,1692197.jpg,737-800,8
133,1806234.jpg,737-800,8
134,1385341.jpg,737-800,8
135,2099419.jpg,737-800,8
136,0781150.jpg,737-800,8
137,1470793.jpg,737-800,8
138,0081597.jpg,737-800,8
139,0977350.jpg,737-800,8
140,0257025.jpg,737-800,8
141,0422707.jpg,737-800,8
142,1237622.jpg,737-800,8
143,0443893.jpg,737-800,8
144,1561334.jpg,737-800,8
145,1043795.jpg,737-800,8
146,1320110.jpg,737-800,8
147,1361120.jpg,737-900,9
148,0383399.jpg,737-900,9
149,1582314.jpg,737-900,9
150,0723572.jpg,737-900,9
151,1313348.jpg,737-900,9
152,1948449.jpg,737-900,9
153,0840357.jpg,737-900,9
154,1353293.jpg,737-900,9
155,1842042.jpg,737-900,9
156,1476615.jpg,737-900,9
157,1818747.jpg,737-900,9
158,1910716.jpg,737-900,9
159,0641165.jpg,737-900,9
160,0200422.jpg,737-900,9
161,0722225.jpg,737-900,9
162,1001620.jpg,737-900,9
163,1921783.jpg,737-900,9
164,0993061.jpg,747-100,10
165,2161794.jpg,747-100,10
166,1099245.jpg,747-100,10
167,1707955.jpg,747-100,10
168,0688093.jpg,747-100,10
169,1831093.jpg,747-100,10
170,1145144.jpg,747-100,10
171,1842078.jpg,747-100,10
172,0606502.jpg,747-100,10
173,0804670.jpg,747-100,10
174,1068733.jpg,747-100,10
175,1251094.jpg,747-100,10
176,0092334.jpg,747-100,10
177,0730970.jpg,747-100,10
178,1013082.jpg,747-100,10
179,0809727.jpg,747-100,10
180,0482818.jpg,747-200,11
181,0448050.jpg,747-200,11
182,0198433.jpg,747-200,11
183,1200648.jpg,747-200,11
184,0821422.jpg,747-200,11
185,0829998.jpg,747-200,11
186,0179070.jpg,747-200,11
187,1245887.jpg,747-200,11
188,1037501.jpg,747-200,11
189,0448006.jpg,747-200,11
190,0928792.jpg,747-200,11
191,1245215.jpg,747-200,11
192,0894316.jpg,747-200,11
193,0885966.jpg,747-200,11
194,1340228.jpg,747-200,11
195,0487356.jpg,747-200,11
196,0894208.jpg,747-300,12
197,0983542.jpg,747-300,12
198,0859029.jpg,747-300,12
199,1389219.jpg,747-300,12
200,2147232.jpg,747-300,12
201,0785021.jpg,747-300,12
202,1284239.jpg,747-300,12
203,1202048.jpg,747-300,12
204,0744234.jpg,747-300,12
205,1259556.jpg,747-300,12
206,0522830.jpg,747-300,12
207,1879895.jpg,747-300,12
208,0367768.jpg,747-300,12
209,0766954.jpg,747-300,12
210,0098489.jpg,747-300,12
211,1325476.jpg,747-300,12
212,2221713.jpg,747-300,12
213,1541386.jpg,747-400,13
214,2047538.jpg,747-400,13
215,1376174.jpg,747-400,13
216,1146172.jpg,747-400,13
217,1098953.jpg,747-400,13
218,0983934.jpg,747-400,13
219,1469691.jpg,747-400,13
220,0766314.jpg,747-400,13
221,1143409.jpg,747-400,13
222,1566619.jpg,747-400,13
223,0492477.jpg,747-400,13
224,0442373.jpg,747-400,13
225,2221710.jpg,747-400,13
226,1700644.jpg,747-400,13
227,1358854.jpg,747-400,13
228,2079513.jpg,747-400,13
229,0458643.jpg,757-200,14
230,0923571.jpg,757-200,14
231,2013757.jpg,757-200,14
232,0701760.jpg,757-200,14
233,0814906.jpg,757-200,14
234,2067977.jpg,757-200,14
235,0225217.jpg,757-200,14
236,0056297.jpg,757-200,14
237,1945514.jpg,757-200,14
238,2224813.jpg,757-200,14
239,1566616.jpg,757-200,14
240,0838565.jpg,757-200,14
241,0275117.jpg,757-200,14
242,0802262.jpg,757-200,14
243,1713246.jpg,757-200,14
244,1356930.jpg,757-200,14
245,1944650.jpg,757-300,15
246,0313720.jpg,757-300,15
247,1564943.jpg,757-300,15
248,1771968.jpg,757-300,15
249,0138993.jpg,757-300,15
250,0662343.jpg,757-300,15
251,0442375.jpg,757-300,15
252,0328231.jpg,757-300,15
253,0361100.jpg,757-300,15
254,0447753.jpg,757-300,15
255,0715299.jpg,757-300,15
256,1534214.jpg,757-300,15
257,1297523.jpg,757-300,15
258,1316606.jpg,757-300,15
259,1650624.jpg,757-300,15
260,1256349.jpg,757-300,15
261,1004797.jpg,757-300,15
262,1031454.jpg,767-200,16
263,0188143.jpg,767-200,16
264,2213535.jpg,767-200,16
265,0738257.jpg,767-200,16
266,2200399.jpg,767-200,16
267,0197363.jpg,767-200,16
268,0179066.jpg,767-200,16
269,2227599.jpg,767-200,16
270,2171010.jpg,767-200,16
271,1605155.jpg,767-200,16
272,0756688.jpg,767-200,16
273,0494862.jpg,767-200,16
274,0866844.jpg,767-200,16
275,1383295.jpg,767-200,16
276,2004902.jpg,767-200,16
277,2197329.jpg,767-200,16
278,0068813.jpg,767-300,17
279,0716370.jpg,767-300,17
280,0481979.jpg,767-300,17
281,0061139.jpg,767-300,17
282,0967855.jpg,767-300,17
283,1327286.jpg,767-300,17
284,1143413.jpg,767-300,17
285,1778114.jpg,767-300,17
286,0487364.jpg,767-300,17
287,1380490.jpg,767-300,17
288,2239584.jpg,767-300,17
289,1601329.jpg,767-300,17
290,0679350.jpg,767-300,17
291,0573943.jpg,767-300,17
292,2217849.jpg,767-300,17
293,0067034.jpg,767-300,17
294,2004856.jpg,767-400,18
295,2215846.jpg,767-400,18
296,1607459.jpg,767-400,18
297,1582400.jpg,767-400,18
298,2205728.jpg,767-400,18
299,0151672.jpg,767-400,18
300,0931734.jpg,767-400,18
301,1336856.jpg,767-400,18
302,1546804.jpg,767-400,18
303,1368863.jpg,767-400,18
304,0182729.jpg,767-400,18
305,0552041.jpg,767-400,18
306,1980188.jpg,767-400,18
307,0835837.jpg,767-400,18
308,1165767.jpg,767-400,18
309,1182360.jpg,767-400,18
310,1741519.jpg,767-400,18
311,0704510.jpg,777-200,19
312,1206451.jpg,777-200,19
313,1877324.jpg,777-200,19
314,2110536.jpg,777-200,19
315,1095676.jpg,777-200,19
316,0752124.jpg,777-200,19
317,2172265.jpg,777-200,19
318,1401062.jpg,777-200,19
319,1847312.jpg,777-200,19
320,0487358.jpg,777-200,19
321,1456005.jpg,777-200,19
322,1820319.jpg,777-200,19
323,2176725.jpg,777-200,19
324,1795133.jpg,777-200,19
325,0732201.jpg,777-200,19
326,1514936.jpg,777-200,19
327,1191065.jpg,777-300,20
328,1891190.jpg,777-300,20
329,1557747.jpg,777-300,20
330,2069690.jpg,777-300,20
331,2081094.jpg,777-300,20
332,2013756.jpg,777-300,20
333,0123344.jpg,777-300,20
334,2104765.jpg,777-300,20
335,2244063.jpg,777-300,20
336,1418227.jpg,777-300,20
337,1330831.jpg,777-300,20
338,2119860.jpg,777-300,20
339,2106885.jpg,777-300,20
340,1505793.jpg,777-300,20
341,1790501.jpg,777-300,20
342,1606745.jpg,777-300,20
343,0345781.jpg,A300B4,21
344,0346147.jpg,A300B4,21
345,0185316.jpg,A300B4,21
346,1088805.jpg,A300B4,21
347,1355230.jpg,A300B4,21
348,1423425.jpg,A300B4,21
349,1255726.jpg,A300B4,21
350,0361112.jpg,A300B4,21
351,0523221.jpg,A300B4,21
352,0071197.jpg,A300B4,21
353,0102223.jpg,A300B4,21
354,0576242.jpg,A300B4,21
355,0136190.jpg,A300B4,21
356,1856982.jpg,A300B4,21
357,0584536.jpg,A300B4,21
358,0836146.jpg,A300B4,21
359,0063290.jpg,A300B4,21
360,1313523.jpg,A310,22
361,0487316.jpg,A310,22
362,0923502.jpg,A310,22
363,0114420.jpg,A310,22
364,1346444.jpg,A310,22
365,0949946.jpg,A310,22
366,2175624.jpg,A310,22
367,0901514.jpg,A310,22
368,0094394.jpg,A310,22
369,1621237.jpg,A310,22
370,1758544.jpg,A310,22
371,0181735.jpg,A310,22
372,0618871.jpg,A310,22
373,2084806.jpg,A310,22
374,0843145.jpg,A310,22
375,1486858.jpg,A310,22
376,2090080.jpg,A318,23
377,1909808.jpg,A318,23
378,1355481.jpg,A318,23
379,1056320.jpg,A318,23
380,1539428.jpg,A318,23
381,1058491.jpg,A318,23
382,1355236.jpg,A318,23
383,1814161.jpg,A318,23
384,0481842.jpg,A318,23
385,1607382.jpg,A318,23
386,1351410.jpg,A318,23
387,1639831.jpg,A318,23
388,1945366.jpg,A318,23
389,1227531.jpg,A318,23
390,1380336.jpg,A318,23
391,1869981.jpg,A318,23
392,0979624.jpg,A319,24
393,2246105.jpg,A319,24
394,2088369.jpg,A319,24
395,0939503.jpg,A319,24
396,1483441.jpg,A319,24
397,0248132.jpg,A319,24
398,1818746.jpg,A319,24
399,0625763.jpg,A319,24
400,0522853.jpg,A319,24
401,1589410.jpg,A319,24
402,1757004.jpg,A319,24
403,0205770.jpg,A319,24
404,1636535.jpg,A319,24
405,1105737.jpg,A319,24
406,2146985.jpg,A319,24
407,1003143.jpg,A319,24
408,1363952.jpg,A319,24
409,0257282.jpg,A320,25
410,0205775.jpg,A320,25
411,1293019.jpg,A320,25
412,1553898.jpg,A320,25
413,1641331.jpg,A320,25
414,0367794.jpg,A320,25
415,0829997.jpg,A320,25
416,1389257.jpg,A320,25
417,1586478.jpg,A320,25
418,1102381.jpg,A320,25
419,0232377.jpg,A320,25
420,0237111.jpg,A320,25
421,2057952.jpg,A320,25
422,1833079.jpg,A320,25
423,2261957.jpg,A320,25
424,0274254.jpg,A320,25
425,2221573.jpg,A321,26
426,2168926.jpg,A321,26
427,0684562.jpg,A321,26
428,0076836.jpg,A321,26
429,0434343.jpg,A321,26
430,1616512.jpg,A321,26
431,1332663.jpg,A321,26
432,1645748.jpg,A321,26
433,1958762.jpg,A321,26
434,2040683.jpg,A321,26
435,2031397.jpg,A321,26
436,0367993.jpg,A321,26
437,1000045.jpg,A321,26
438,0523050.jpg,A321,26
439,0547318.jpg,A321,26
440,1599803.jpg,A321,26
441,1184708.jpg,A330-200,27
442,1917518.jpg,A330-200,27
443,0523063.jpg,A330-200,27
444,0257026.jpg,A330-200,27
445,2131538.jpg,A330-200,27
446,0225212.jpg,A330-200,27
447,1870658.jpg,A330-200,27
448,0273146.jpg,A330-200,27
449,1912969.jpg,A330-200,27
450,2197483.jpg,A330-200,27
451,1790500.jpg,A330-200,27
452,1997848.jpg,A330-200,27
453,0491557.jpg,A330-200,27
454,0974301.jpg,A330-200,27
455,1461298.jpg,A330-200,27
456,1992921.jpg,A330-200,27
457,2239590.jpg,A330-200,27
458,1146174.jpg,A330-300,28
459,0496970.jpg,A330-300,28
460,0175819.jpg,A330-300,28
461,1939758.jpg,A330-300,28
462,0457177.jpg,A330-300,28
463,1467620.jpg,A330-300,28
464,1531355.jpg,A330-300,28
465,0857160.jpg,A330-300,28
466,2162934.jpg,A330-300,28
467,1427112.jpg,A330-300,28
468,1753661.jpg,A330-300,28
469,1795156.jpg,A330-300,28
470,0684608.jpg,A330-300,28
471,1885667.jpg,A330-300,28
472,1936773.jpg,A330-300,28
473,1979066.jpg,A330-300,28
474,0996579.jpg,A340-200,29
475,1507531.jpg,A340-200,29
476,0918184.jpg,A340-200,29
477,1266977.jpg,A340-200,29
478,0295746.jpg,A340-200,29
479,0245219.jpg,A340-200,29
480,0457830.jpg,A340-200,29
481,0072870.jpg,A340-200,29
482,0187671.jpg,A340-200,29
483,1313522.jpg,A340-200,29
484,0237414.jpg,A340-200,29
485,0585327.jpg,A340-200,29
486,0077196.jpg,A340-200,29
487,0241450.jpg,A340-200,29
488,1210463.jpg,A340-200,29
489,1234832.jpg,A340-200,29
490,0942763.jpg,A340-300,30
491,0745361.jpg,A340-300,30
492,1719561.jpg,A340-300,30
493,1240324.jpg,A340-300,30
494,0076845.jpg,A340-300,30
495,0738965.jpg,A340-300,30
496,1073030.jpg,A340-300,30
497,1335195.jpg,A340-300,30
498,1922848.jpg,A340-300,30
499,0681536.jpg,A340-300,30
500,1413317.jpg,A340-300,30
501,1462854.jpg,A340-300,30
502,1318416.jpg,A340-300,30
503,2068053.jpg,A340-300,30
504,0529811.jpg,A340-300,30
505,1872634.jpg,A340-300,30
506,0450540.jpg,A340-300,30
507,0727643.jpg,A340-500,31
508,1081563.jpg,A340-500,31
509,1830876.jpg,A340-500,31
510,1753485.jpg,A340-500,31
511,0803689.jpg,A340-500,31
512,0745521.jpg,A340-500,31
513,0996453.jpg,A340-500,31
514,1417964.jpg,A340-500,31
515,1706716.jpg,A340-500,31
516,1013667.jpg,A340-500,31
517,0807870.jpg,A340-500,31
518,2044905.jpg,A340-500,31
519,1285638.jpg,A340-500,31
520,1633998.jpg,A340-500,31
521,0796416.jpg,A340-500,31
522,1758713.jpg,A340-500,31
523,1111113.jpg,A340-600,32
524,1883790.jpg,A340-600,32
525,1088600.jpg,A340-600,32
526,1619902.jpg,A340-600,32
527,1426948.jpg,A340-600,32
528,1218924.jpg,A340-600,32
529,1758483.jpg,A340-600,32
530,1840139.jpg,A340-600,32
531,1390327.jpg,A340-600,32
532,1457710.jpg,A340-600,32
533,1555715.jpg,A340-600,32
534,1495298.jpg,A340-600,32
535,0466768.jpg,A340-600,32
536,0418967.jpg,A340-600,32
537,0469779.jpg,A340-600,32
538,1471167.jpg,A340-600,32
539,1891187.jpg,A380,33
540,1252082.jpg,A380,33
541,2239301.jpg,A380,33
542,1749661.jpg,A380,33
543,2233490.jpg,A380,33
544,2218523.jpg,A380,33
545,1855337.jpg,A380,33
546,1758424.jpg,A380,33
547,1973442.jpg,A380,33
548,2212259.jpg,A380,33
549,2194956.jpg,A380,33
550,2158999.jpg,A380,33
551,1891966.jpg,A380,33
552,1855197.jpg,A380,33
553,1617649.jpg,A380,33
554,2251120.jpg,A380,33
555,1687332.jpg,A380,33
556,0562558.jpg,ATR-42,34
557,1557910.jpg,ATR-42,34
558,1122472.jpg,ATR-42,34
559,0064202.jpg,ATR-42,34
560,2026727.jpg,ATR-42,34
561,0833334.jpg,ATR-42,34
562,0673361.jpg,ATR-42,34
563,1563459.jpg,ATR-42,34
564,1426059.jpg,ATR-42,34
565,0724121.jpg,ATR-42,34
566,0851153.jpg,ATR-42,34
567,0353522.jpg,ATR-42,34
568,1143414.jpg,ATR-42,34
569,0454780.jpg,ATR-42,34
570,0442919.jpg,ATR-42,34
571,0874829.jpg,ATR-42,34
572,0957905.jpg,ATR-72,35
573,1798654.jpg,ATR-72,35
574,2262511.jpg,ATR-72,35
575,0454747.jpg,ATR-72,35
576,1408802.jpg,ATR-72,35
577,1542796.jpg,ATR-72,35
578,1539422.jpg,ATR-72,35
579,0332910.jpg,ATR-72,35
580,1838529.jpg,ATR-72,35
581,2222405.jpg,ATR-72,35
582,2080563.jpg,ATR-72,35
583,0783933.jpg,ATR-72,35
584,1459120.jpg,ATR-72,35
585,0447777.jpg,ATR-72,35
586,0732747.jpg,ATR-72,35
587,2018709.jpg,ATR-72,35
588,0850835.jpg,An-12,36
589,0523148.jpg,An-12,36
590,0127649.jpg,An-12,36
591,0852361.jpg,An-12,36
592,1274803.jpg,An-12,36
593,0738259.jpg,An-12,36
594,1008572.jpg,An-12,36
595,1884753.jpg,An-12,36
596,2259875.jpg,An-12,36
597,0765604.jpg,An-12,36
598,1035114.jpg,An-12,36
599,0764132.jpg,An-12,36
600,1291973.jpg,An-12,36
601,1163810.jpg,An-12,36
602,0732118.jpg,An-12,36
603,1486550.jpg,An-12,36
604,0885174.jpg,An-12,36
605,1386685.jpg,BAE 146-200,37
606,0957225.jpg,BAE 146-200,37
607,0136182.jpg,BAE 146-200,37
608,1950554.jpg,BAE 146-200,37
609,0143389.jpg,BAE 146-200,37
610,0922626.jpg,BAE 146-200,37
611,1192235.jpg,BAE 146-200,37
612,1084922.jpg,BAE 146-200,37
613,1598901.jpg,BAE 146-200,37
614,1159626.jpg,BAE 146-200,37
615,0136165.jpg,BAE 146-200,37
616,0143373.jpg,BAE 146-200,37
617,1277986.jpg,BAE 146-200,37
618,1358106.jpg,BAE 146-200,37
619,1276530.jpg,BAE 146-200,37
620,1255846.jpg,BAE 146-200,37
621,1918305.jpg,BAE 146-300,38
622,0077518.jpg,BAE 146-300,38
623,0523168.jpg,BAE 146-300,38
624,0758359.jpg,BAE 146-300,38
625,0062260.jpg,BAE 146-300,38
626,1352225.jpg,BAE 146-300,38
627,0167122.jpg,BAE 146-300,38
628,0517105.jpg,BAE 146-300,38
629,1313666.jpg,BAE 146-300,38
630,0890939.jpg,BAE 146-300,38
631,1331909.jpg,BAE 146-300,38
632,1336071.jpg,BAE 146-300,38
633,0917712.jpg,BAE 146-300,38
634,0350203.jpg,BAE 146-300,38
635,0570801.jpg,BAE 146-300,38
636,1289187.jpg,BAE 146-300,38
637,1600520.jpg,BAE-125,39
638,1563979.jpg,BAE-125,39
639,2094357.jpg,BAE-125,39
640,0083356.jpg,BAE-125,39
641,1006795.jpg,BAE-125,39
642,1228464.jpg,BAE-125,39
643,1662815.jpg,BAE-125,39
644,1451426.jpg,BAE-125,39
645,2128060.jpg,BAE-125,39
646,1030259.jpg,BAE-125,39
647,1001973.jpg,BAE-125,39
648,0550468.jpg,BAE-125,39
649,1124594.jpg,BAE-125,39
650,1234384.jpg,BAE-125,39
651,0517633.jpg,BAE-125,39
652,1216808.jpg,BAE-125,39
653,0275249.jpg,BAE-125,39
654,1713232.jpg,Beechcraft 1900,40
655,1540395.jpg,Beechcraft 1900,40
656,1052486.jpg,Beechcraft 1900,40
657,0636482.jpg,Beechcraft 1900,40
658,0447803.jpg,Beechcraft 1900,40
659,1564412.jpg,Beechcraft 1900,40
660,0751325.jpg,Beechcraft 1900,40
661,1376991.jpg,Beechcraft 1900,40
662,1548200.jpg,Beechcraft 1900,40
663,1630487.jpg,Beechcraft 1900,40
664,0169310.jpg,Beechcraft 1900,40
665,0179022.jpg,Beechcraft 1900,40
666,0048340.jpg,Beechcraft 1900,40
667,0356149.jpg,Beechcraft 1900,40
668,1772155.jpg,Beechcraft 1900,40
669,0147028.jpg,Beechcraft 1900,40
670,0279936.jpg,Boeing 717,41
671,0440054.jpg,Boeing 717,41
672,2236360.jpg,Boeing 717,41
673,0875560.jpg,Boeing 717,41
674,1555985.jpg,Boeing 717,41
675,1323660.jpg,Boeing 717,41
676,2240254.jpg,Boeing 717,41
677,0944208.jpg,Boeing 717,41
678,1455320.jpg,Boeing 717,41
679,2017851.jpg,Boeing 717,41
680,1073334.jpg,Boeing 717,41
681,1204271.jpg,Boeing 717,41
682,1022382.jpg,Boeing 717,41
683,1346116.jpg,Boeing 717,41
684,0573368.jpg,Boeing 717,41
685,0233765.jpg,Boeing 717,41
686,2049579.jpg,C-130,42
687,1196802.jpg,C-130,42
688,0958085.jpg,C-130,42
689,1522562.jpg,C-130,42
690,2260054.jpg,C-130,42
691,0962825.jpg,C-130,42
692,1534869.jpg,C-130,42
693,1940180.jpg,C-130,42
694,0977928.jpg,C-130,42
695,0967838.jpg,C-130,42
696,1522867.jpg,C-130,42
697,1414395.jpg,C-130,42
698,0434345.jpg,C-130,42
699,0771762.jpg,C-130,42
700,1794564.jpg,C-130,42
701,1543648.jpg,C-130,42
702,0280348.jpg,C-130,42
703,1255008.jpg,C-47,43
704,1336323.jpg,C-47,43
705,1278429.jpg,C-47,43
706,0586259.jpg,C-47,43
707,1619369.jpg,C-47,43
708,0800871.jpg,C-47,43
709,1455902.jpg,C-47,43
710,0576251.jpg,C-47,43
711,0953525.jpg,C-47,43
712,0602228.jpg,C-47,43
713,0573369.jpg,C-47,43
714,2021848.jpg,C-47,43
715,0704643.jpg,C-47,43
716,1535841.jpg,C-47,43
717,1654709.jpg,C-47,43
718,0492493.jpg,C-47,43
719,0340217.jpg,CRJ-200,44
720,1379571.jpg,CRJ-200,44
721,0313724.jpg,CRJ-200,44
722,0662509.jpg,CRJ-200,44
723,0184899.jpg,CRJ-200,44
724,1616482.jpg,CRJ-200,44
725,0136184.jpg,CRJ-200,44
726,1337508.jpg,CRJ-200,44
727,0996526.jpg,CRJ-200,44
728,0059107.jpg,CRJ-200,44
729,1633873.jpg,CRJ-200,44
730,2201197.jpg,CRJ-200,44
731,0855449.jpg,CRJ-200,44
732,0942395.jpg,CRJ-200,44
733,0275729.jpg,CRJ-200,44
734,0454583.jpg,CRJ-200,44
735,0435289.jpg,CRJ-700,45
736,2059195.jpg,CRJ-700,45
737,1719820.jpg,CRJ-700,45
738,0929800.jpg,CRJ-700,45
739,1189525.jpg,CRJ-700,45
740,0728571.jpg,CRJ-700,45
741,0476813.jpg,CRJ-700,45
742,2189858.jpg,CRJ-700,45
743,1232502.jpg,CRJ-700,45
744,2207336.jpg,CRJ-700,45
745,2234631.jpg,CRJ-700,45
746,0394078.jpg,CRJ-700,45
747,0931743.jpg,CRJ-700,45
748,1249564.jpg,CRJ-700,45
749,0849350.jpg,CRJ-700,45
750,0955449.jpg,CRJ-700,45
751,1198137.jpg,CRJ-700,45
752,1342007.jpg,CRJ-900,46
753,1124972.jpg,CRJ-900,46
754,1517329.jpg,CRJ-900,46
755,1762142.jpg,CRJ-900,46
756,1663301.jpg,CRJ-900,46
757,2193787.jpg,CRJ-900,46
758,1708263.jpg,CRJ-900,46
759,1465847.jpg,CRJ-900,46
760,1554751.jpg,CRJ-900,46
761,1647811.jpg,CRJ-900,46
762,1692199.jpg,CRJ-900,46
763,1542646.jpg,CRJ-900,46
764,1763779.jpg,CRJ-900,46
765,1377655.jpg,CRJ-900,46
766,1623412.jpg,CRJ-900,46
767,1275811.jpg,CRJ-900,46
768,1726480.jpg,Cessna 172,47
769,2244487.jpg,Cessna 172,47
770,1709268.jpg,Cessna 172,47
771,0564217.jpg,Cessna 172,47
772,1488620.jpg,Cessna 172,47
773,1103952.jpg,Cessna 172,47
774,0896106.jpg,Cessna 172,47
775,1125619.jpg,Cessna 172,47
776,2243572.jpg,Cessna 172,47
777,1072668.jpg,Cessna 172,47
778,1647142.jpg,Cessna 172,47
779,1683150.jpg,Cessna 172,47
780,1221755.jpg,Cessna 172,47
781,1338515.jpg,Cessna 172,47
782,1287207.jpg,Cessna 172,47
783,0890644.jpg,Cessna 172,47
784,1036821.jpg,Cessna 208,48
785,0279893.jpg,Cessna 208,48
786,1345203.jpg,Cessna 208,48
787,0816285.jpg,Cessna 208,48
788,0995399.jpg,Cessna 208,48
789,1156006.jpg,Cessna 208,48
790,1347237.jpg,Cessna 208,48
791,0979649.jpg,Cessna 208,48
792,0302987.jpg,Cessna 208,48
793,1146069.jpg,Cessna 208,48
794,0789704.jpg,Cessna 208,48
795,1146070.jpg,Cessna 208,48
796,1337502.jpg,Cessna 208,48
797,1785533.jpg,Cessna 208,48
798,0796297.jpg,Cessna 208,48
799,1017972.jpg,Cessna 208,48
800,1337501.jpg,Cessna 208,48
801,1550758.jpg,Cessna 525,49
802,1681554.jpg,Cessna 525,49
803,1560577.jpg,Cessna 525,49
804,2040355.jpg,Cessna 525,49
805,2066882.jpg,Cessna 525,49
806,0093500.jpg,Cessna 525,49
807,1806229.jpg,Cessna 525,49
808,1060984.jpg,Cessna 525,49
809,1675548.jpg,Cessna 525,49
810,2066265.jpg,Cessna 525,49
811,0466917.jpg,Cessna 525,49
812,1050675.jpg,Cessna 525,49
813,1351592.jpg,Cessna 525,49
814,1601572.jpg,Cessna 525,49
815,1768891.jpg,Cessna 525,49
816,1694806.jpg,Cessna 525,49
817,1970744.jpg,Cessna 560,50
818,0584541.jpg,Cessna 560,50
819,1900831.jpg,Cessna 560,50
820,1158577.jpg,Cessna 560,50
821,1239645.jpg,Cessna 560,50
822,0524795.jpg,Cessna 560,50
823,0781149.jpg,Cessna 560,50
824,1084078.jpg,Cessna 560,50
825,0759286.jpg,Cessna 560,50
826,0521262.jpg,Cessna 560,50
827,2036176.jpg,Cessna 560,50
828,1468804.jpg,Cessna 560,50
829,1689673.jpg,Cessna 560,50
830,2231272.jpg,Cessna 560,50
831,1585256.jpg,Cessna 560,50
832,1897992.jpg,Cessna 560,50
833,1254187.jpg,Challenger 600,51
834,2137132.jpg,Challenger 600,51
835,1943166.jpg,Challenger 600,51
836,1966540.jpg,Challenger 600,51
837,0239592.jpg,Challenger 600,51
838,1387066.jpg,Challenger 600,51
839,1037167.jpg,Challenger 600,51
840,1685190.jpg,Challenger 600,51
841,1132237.jpg,Challenger 600,51
842,1527514.jpg,Challenger 600,51
843,0440694.jpg,Challenger 600,51
844,1312523.jpg,Challenger 600,51
845,1833885.jpg,Challenger 600,51
846,1447563.jpg,Challenger 600,51
847,0905853.jpg,Challenger 600,51
848,1071955.jpg,Challenger 600,51
849,1806211.jpg,Challenger 600,51
850,1627560.jpg,DC-10,52
851,1288663.jpg,DC-10,52
852,0968446.jpg,DC-10,52
853,0610689.jpg,DC-10,52
854,0102237.jpg,DC-10,52
855,1153404.jpg,DC-10,52
856,0538339.jpg,DC-10,52
857,1523369.jpg,DC-10,52
858,0136197.jpg,DC-10,52
859,0985789.jpg,DC-10,52
860,0847480.jpg,DC-10,52
861,1523895.jpg,DC-10,52
862,0523171.jpg,DC-10,52
863,0195749.jpg,DC-10,52
864,0720225.jpg,DC-10,52
865,1031474.jpg,DC-10,52
866,0773533.jpg,DC-3,53
867,0642084.jpg,DC-3,53
868,0768395.jpg,DC-3,53
869,0960175.jpg,DC-3,53
870,0730802.jpg,DC-3,53
871,0306459.jpg,DC-3,53
872,0692381.jpg,DC-3,53
873,2142087.jpg,DC-3,53
874,0572858.jpg,DC-3,53
875,1548863.jpg,DC-3,53
876,1335117.jpg,DC-3,53
877,1569049.jpg,DC-3,53
878,0539184.jpg,DC-3,53
879,0551410.jpg,DC-3,53
880,1907013.jpg,DC-3,53
881,1542798.jpg,DC-3,53
882,0796296.jpg,DC-6,54
883,1588561.jpg,DC-6,54
884,0920422.jpg,DC-6,54
885,1036806.jpg,DC-6,54
886,0280174.jpg,DC-6,54
887,0564009.jpg,DC-6,54
888,0598378.jpg,DC-6,54
889,0568994.jpg,DC-6,54
890,0586769.jpg,DC-6,54
891,0730399.jpg,DC-6,54
892,0564013.jpg,DC-6,54
893,0554933.jpg,DC-6,54
894,0586041.jpg,DC-6,54
895,1763588.jpg,DC-6,54
896,0564624.jpg,DC-6,54
897,0773019.jpg,DC-6,54
898,1418871.jpg,DC-6,54
899,0171412.jpg,DC-8,55
900,0116710.jpg,DC-8,55
901,0547003.jpg,DC-8,55
902,0147042.jpg,DC-8,55
903,0723126.jpg,DC-8,55
904,1514524.jpg,DC-8,55
905,0353524.jpg,DC-8,55
906,0735040.jpg,DC-8,55
907,0880575.jpg,DC-8,55
908,0174901.jpg,DC-8,55
909,1309052.jpg,DC-8,55
910,0901456.jpg,DC-8,55
911,0792200.jpg,DC-8,55
912,0593173.jpg,DC-8,55
913,0564160.jpg,DC-8,55
914,0546334.jpg,DC-8,55
915,0901350.jpg,DC-9-30,56
916,1037614.jpg,DC-9-30,56
917,1667009.jpg,DC-9-30,56
918,0065221.jpg,DC-9-30,56
919,0062255.jpg,DC-9-30,56
920,0198449.jpg,DC-9-30,56
921,0302650.jpg,DC-9-30,56
922,1196996.jpg,DC-9-30,56
923,0078550.jpg,DC-9-30,56
924,0449728.jpg,DC-9-30,56
925,0996336.jpg,DC-9-30,56
926,0732526.jpg,DC-9-30,56
927,1043374.jpg,DC-9-30,56
928,0738966.jpg,DC-9-30,56
929,1773370.jpg,DC-9-30,56
930,0195006.jpg,DC-9-30,56
931,1001821.jpg,DH-82,57
932,1019430.jpg,DH-82,57
933,1914385.jpg,DH-82,57
934,0820512.jpg,DH-82,57
935,1411124.jpg,DH-82,57
936,0730316.jpg,DH-82,57
937,2175577.jpg,DH-82,57
938,2195779.jpg,DH-82,57
939,1924286.jpg,DH-82,57
940,0787578.jpg,DH-82,57
941,1369849.jpg,DH-82,57
942,1253432.jpg,DH-82,57
943,2093456.jpg,DH-82,57
944,0984284.jpg,DH-82,57
945,1596146.jpg,DH-82,57
946,2211337.jpg,DH-82,57
947,1974802.jpg,DH-82,57
948,2175563.jpg,DHC-1,58
949,1534866.jpg,DHC-1,58
950,1906812.jpg,DHC-1,58
951,1379879.jpg,DHC-1,58
952,1705402.jpg,DHC-1,58
953,2026690.jpg,DHC-1,58
954,1370455.jpg,DHC-1,58
955,1592073.jpg,DHC-1,58
956,2039227.jpg,DHC-1,58
957,1378088.jpg,DHC-1,58
958,1380455.jpg,DHC-1,58
959,1172147.jpg,DHC-1,58
960,1032474.jpg,DHC-1,58
961,1940512.jpg,DHC-1,58
962,1397217.jpg,DHC-1,58
963,1739571.jpg,DHC-1,58
964,0687278.jpg,DHC-6,59
965,0540390.jpg,DHC-6,59
966,2005091.jpg,DHC-6,59
967,1384617.jpg,DHC-6,59
968,1449320.jpg,DHC-6,59
969,1900936.jpg,DHC-6,59
970,0843965.jpg,DHC-6,59
971,1997802.jpg,DHC-6,59
972,1053560.jpg,DHC-6,59
973,2004745.jpg,DHC-6,59
974,1943367.jpg,DHC-6,59
975,2010325.jpg,DHC-6,59
976,2096269.jpg,DHC-6,59
977,1999875.jpg,DHC-6,59
978,1023007.jpg,DHC-6,59
979,0848059.jpg,DHC-6,59
980,0630229.jpg,DHC-8-100,60
981,0064627.jpg,DHC-8-100,60
982,1683145.jpg,DHC-8-100,60
983,0127502.jpg,DHC-8-100,60
984,2057958.jpg,DHC-8-100,60
985,1412618.jpg,DHC-8-100,60
986,0114425.jpg,DHC-8-100,60
987,0296013.jpg,DHC-8-100,60
988,0302923.jpg,DHC-8-100,60
989,0907363.jpg,DHC-8-100,60
990,0069770.jpg,DHC-8-100,60
991,0114402.jpg,DHC-8-100,60
992,1043778.jpg,DHC-8-100,60
993,1003141.jpg,DHC-8-100,60
994,0082492.jpg,DHC-8-100,60
995,0685134.jpg,DHC-8-100,60
996,0302038.jpg,DHC-8-100,60
997,0835324.jpg,DHC-8-300,61
998,1714818.jpg,DHC-8-300,61
999,1043724.jpg,DHC-8-300,61
1000,1144436.jpg,DHC-8-300,61
1001,1219389.jpg,DHC-8-300,61
1002,2264968.jpg,DHC-8-300,61
1003,1043793.jpg,DHC-8-300,61
1004,2106882.jpg,DHC-8-300,61
1005,1656419.jpg,DHC-8-300,61
1006,1637519.jpg,DHC-8-300,61
1007,2147230.jpg,DHC-8-300,61
1008,1736150.jpg,DHC-8-300,61
1009,0822062.jpg,DHC-8-300,61
1010,2251230.jpg,DHC-8-300,61
1011,0763430.jpg,DHC-8-300,61
1012,1548444.jpg,DHC-8-300,61
1013,1382204.jpg,DR-400,62
1014,1222829.jpg,DR-400,62
1015,1408695.jpg,DR-400,62
1016,1606079.jpg,DR-400,62
1017,2259663.jpg,DR-400,62
1018,1634649.jpg,DR-400,62
1019,1318818.jpg,DR-400,62
1020,1670610.jpg,DR-400,62
1021,1521506.jpg,DR-400,62
1022,1150085.jpg,DR-400,62
1023,0780677.jpg,DR-400,62
1024,2231709.jpg,DR-400,62
1025,2236316.jpg,DR-400,62
1026,1460096.jpg,DR-400,62
1027,1234230.jpg,DR-400,62
1028,1666989.jpg,DR-400,62
1029,0943962.jpg,Dornier 328,63
1030,1092265.jpg,Dornier 328,63
1031,0063918.jpg,Dornier 328,63
1032,1326646.jpg,Dornier 328,63
1033,0492492.jpg,Dornier 328,63
1034,2123970.jpg,Dornier 328,63
1035,2170856.jpg,Dornier 328,63
1036,0443972.jpg,Dornier 328,63
1037,1938172.jpg,Dornier 328,63
1038,0925499.jpg,Dornier 328,63
1039,1122822.jpg,Dornier 328,63
1040,1124489.jpg,Dornier 328,63
1041,0522914.jpg,Dornier 328,63
1042,2169272.jpg,Dornier 328,63
1043,1068481.jpg,Dornier 328,63
1044,1455391.jpg,Dornier 328,63
1045,1060652.jpg,Dornier 328,63
1046,1260870.jpg,E-170,64
1047,2175372.jpg,E-170,64
1048,2213540.jpg,E-170,64
1049,2201797.jpg,E-170,64
1050,2239296.jpg,E-170,64
1051,1286492.jpg,E-170,64
1052,1548402.jpg,E-170,64
1053,2233055.jpg,E-170,64
1054,1132242.jpg,E-170,64
1055,1145151.jpg,E-170,64
1056,1077156.jpg,E-170,64
1057,1255533.jpg,E-170,64
1058,1227101.jpg,E-170,64
1059,1948105.jpg,E-170,64
1060,1052982.jpg,E-170,64
1061,1870652.jpg,E-170,64
1062,2264793.jpg,E-190,65
1063,1594059.jpg,E-190,65
1064,1385441.jpg,E-190,65
1065,2060454.jpg,E-190,65
1066,1949040.jpg,E-190,65
1067,2054455.jpg,E-190,65
1068,2100821.jpg,E-190,65
1069,1519814.jpg,E-190,65
1070,2251900.jpg,E-190,65
1071,1680707.jpg,E-190,65
1072,1420069.jpg,E-190,65
1073,2115317.jpg,E-190,65
1074,2162833.jpg,E-190,65
1075,2046694.jpg,E-190,65
1076,2259021.jpg,E-190,65
1077,1762097.jpg,E-190,65
1078,2227561.jpg,E-195,66
1079,1619847.jpg,E-195,66
1080,1779182.jpg,E-195,66
1081,1905022.jpg,E-195,66
1082,1682041.jpg,E-195,66
1083,2115085.jpg,E-195,66
1084,2054441.jpg,E-195,66
1085,2222240.jpg,E-195,66
1086,2058486.jpg,E-195,66
1087,2188151.jpg,E-195,66
1088,1777801.jpg,E-195,66
1089,1650653.jpg,E-195,66
1090,1861811.jpg,E-195,66
1091,1519022.jpg,E-195,66
1092,2242332.jpg,E-195,66
1093,1828262.jpg,E-195,66
1094,1736158.jpg,E-195,66
1095,1519466.jpg,EMB-120,67
1096,0448054.jpg,EMB-120,67
1097,1390673.jpg,EMB-120,67
1098,0697383.jpg,EMB-120,67
1099,0999159.jpg,EMB-120,67
1100,1695911.jpg,EMB-120,67
1101,2006024.jpg,EMB-120,67
1102,1757785.jpg,EMB-120,67
1103,0618977.jpg,EMB-120,67
1104,0154392.jpg,EMB-120,67
1105,1168799.jpg,EMB-120,67
1106,1776805.jpg,EMB-120,67
1107,1244620.jpg,EMB-120,67
1108,0184373.jpg,EMB-120,67
1109,0897305.jpg,EMB-120,67
1110,0979652.jpg,EMB-120,67
1111,1129151.jpg,ERJ 135,68
1112,1204260.jpg,ERJ 135,68
1113,2153514.jpg,ERJ 135,68
1114,1414284.jpg,ERJ 135,68
1115,0285462.jpg,ERJ 135,68
1116,0961756.jpg,ERJ 135,68
1117,1162898.jpg,ERJ 135,68
1118,2164986.jpg,ERJ 135,68
1119,1429072.jpg,ERJ 135,68
1120,0422704.jpg,ERJ 135,68
1121,1746036.jpg,ERJ 135,68
1122,1299912.jpg,ERJ 135,68
1123,1025168.jpg,ERJ 135,68
1124,0227131.jpg,ERJ 135,68
1125,1956503.jpg,ERJ 135,68
1126,1554094.jpg,ERJ 135,68
1127,0185324.jpg,ERJ 145,69
1128,0396527.jpg,ERJ 145,69
1129,1376551.jpg,ERJ 145,69
1130,0800636.jpg,ERJ 145,69
1131,1345199.jpg,ERJ 145,69
1132,0067670.jpg,ERJ 145,69
1133,0842353.jpg,ERJ 145,69
1134,2096085.jpg,ERJ 145,69
1135,1338266.jpg,ERJ 145,69
1136,0767540.jpg,ERJ 145,69
1137,0576246.jpg,ERJ 145,69
1138,1931060.jpg,ERJ 145,69
1139,1341834.jpg,ERJ 145,69
1140,1550713.jpg,ERJ 145,69
1141,0701142.jpg,ERJ 145,69
1142,1404675.jpg,ERJ 145,69
1143,1246013.jpg,ERJ 145,69
1144,2180061.jpg,Embraer Legacy 600,70
1145,1602123.jpg,Embraer Legacy 600,70
1146,1312876.jpg,Embraer Legacy 600,70
1147,1471734.jpg,Embraer Legacy 600,70
1148,2205702.jpg,Embraer Legacy 600,70
1149,0993510.jpg,Embraer Legacy 600,70
1150,2123927.jpg,Embraer Legacy 600,70
1151,1686428.jpg,Embraer Legacy 600,70
1152,1387200.jpg,Embraer Legacy 600,70
1153,1378765.jpg,Embraer Legacy 600,70
1154,2091945.jpg,Embraer Legacy 600,70
1155,1714826.jpg,Embraer Legacy 600,70
1156,1834825.jpg,Embraer Legacy 600,70
1157,1605154.jpg,Embraer Legacy 600,70
1158,1476103.jpg,Embraer Legacy 600,70
1159,1834788.jpg,Embraer Legacy 600,70
1160,1966169.jpg,Eurofighter Typhoon,71
1161,1251381.jpg,Eurofighter Typhoon,71
1162,1952462.jpg,Eurofighter Typhoon,71
1163,1576113.jpg,Eurofighter Typhoon,71
1164,1496924.jpg,Eurofighter Typhoon,71
1165,2136384.jpg,Eurofighter Typhoon,71
1166,1373009.jpg,Eurofighter Typhoon,71
1167,2157819.jpg,Eurofighter Typhoon,71
1168,1981388.jpg,Eurofighter Typhoon,71
1169,2258768.jpg,Eurofighter Typhoon,71
1170,2185361.jpg,Eurofighter Typhoon,71
1171,1707110.jpg,Eurofighter Typhoon,71
1172,1556013.jpg,Eurofighter Typhoon,71
1173,1946038.jpg,Eurofighter Typhoon,71
1174,0876574.jpg,Eurofighter Typhoon,71
1175,1351641.jpg,Eurofighter Typhoon,71
1176,2145444.jpg,F-16A/B,72
1177,1364706.jpg,F-16A/B,72
1178,1592597.jpg,F-16A/B,72
1179,2123710.jpg,F-16A/B,72
1180,2118954.jpg,F-16A/B,72
1181,1463710.jpg,F-16A/B,72
1182,1223797.jpg,F-16A/B,72
1183,1596393.jpg,F-16A/B,72
1184,0737605.jpg,F-16A/B,72
1185,2147025.jpg,F-16A/B,72
1186,0735402.jpg,F-16A/B,72
1187,0934121.jpg,F-16A/B,72
1188,1588718.jpg,F-16A/B,72
1189,1196995.jpg,F-16A/B,72
1190,1499817.jpg,F-16A/B,72
1191,1601715.jpg,F-16A/B,72
1192,1754078.jpg,F-16A/B,72
1193,0896698.jpg,F/A-18,73
1194,1596391.jpg,F/A-18,73
1195,1283304.jpg,F/A-18,73
1196,1119461.jpg,F/A-18,73
1197,1842075.jpg,F/A-18,73
1198,1416499.jpg,F/A-18,73
1199,1113294.jpg,F/A-18,73
1200,0871496.jpg,F/A-18,73
1201,1889550.jpg,F/A-18,73
1202,1987430.jpg,F/A-18,73
1203,1379035.jpg,F/A-18,73
1204,2132115.jpg,F/A-18,73
1205,0874281.jpg,F/A-18,73
1206,1377656.jpg,F/A-18,73
1207,1093671.jpg,F/A-18,73
1208,1254669.jpg,F/A-18,73
1209,1907482.jpg,Falcon 2000,74
1210,1795170.jpg,Falcon 2000,74
1211,0848170.jpg,Falcon 2000,74
1212,0468262.jpg,Falcon 2000,74
1213,1154703.jpg,Falcon 2000,74
1214,1311585.jpg,Falcon 2000,74
1215,2097519.jpg,Falcon 2000,74
1216,2119147.jpg,Falcon 2000,74
1217,1846142.jpg,Falcon 2000,74
1218,2057965.jpg,Falcon 2000,74
1219,2044258.jpg,Falcon 2000,74
1220,2036174.jpg,Falcon 2000,74
1221,1795562.jpg,Falcon 2000,74
1222,1560576.jpg,Falcon 2000,74
1223,1412287.jpg,Falcon 2000,74
1224,1296886.jpg,Falcon 2000,74
1225,1792325.jpg,Falcon 900,75
1226,0753075.jpg,Falcon 900,75
1227,0550418.jpg,Falcon 900,75
1228,1900832.jpg,Falcon 900,75
1229,0384439.jpg,Falcon 900,75
1230,1187247.jpg,Falcon 900,75
1231,0233772.jpg,Falcon 900,75
1232,1774329.jpg,Falcon 900,75
1233,1062012.jpg,Falcon 900,75
1234,1231578.jpg,Falcon 900,75
1235,1344015.jpg,Falcon 900,75
1236,1256114.jpg,Falcon 900,75
1237,1291351.jpg,Falcon 900,75
1238,1726555.jpg,Falcon 900,75
1239,2057396.jpg,Falcon 900,75
1240,1154960.jpg,Falcon 900,75
1241,2033054.jpg,Falcon 900,75
1242,0675672.jpg,Fokker 100,76
1243,0399871.jpg,Fokker 100,76
1244,0182735.jpg,Fokker 100,76
1245,0074517.jpg,Fokker 100,76
1246,1220713.jpg,Fokker 100,76
1247,0912143.jpg,Fokker 100,76
1248,0143377.jpg,Fokker 100,76
1249,1538518.jpg,Fokker 100,76
1250,1934728.jpg,Fokker 100,76
1251,1133688.jpg,Fokker 100,76
1252,0900486.jpg,Fokker 100,76
1253,0485243.jpg,Fokker 100,76
1254,1745719.jpg,Fokker 100,76
1255,0907347.jpg,Fokker 100,76
1256,1453506.jpg,Fokker 100,76
1257,2243788.jpg,Fokker 100,76
1258,0454779.jpg,Fokker 50,77
1259,0127633.jpg,Fokker 50,77
1260,1426513.jpg,Fokker 50,77
1261,1756560.jpg,Fokker 50,77
1262,2259847.jpg,Fokker 50,77
1263,1260869.jpg,Fokker 50,77
1264,1099957.jpg,Fokker 50,77
1265,1132238.jpg,Fokker 50,77
1266,0953561.jpg,Fokker 50,77
1267,0618968.jpg,Fokker 50,77
1268,0337282.jpg,Fokker 50,77
1269,1958825.jpg,Fokker 50,77
1270,1117692.jpg,Fokker 50,77
1271,1036870.jpg,Fokker 50,77
1272,1298772.jpg,Fokker 50,77
1273,1261342.jpg,Fokker 50,77
1274,1772014.jpg,Fokker 70,78
1275,1361692.jpg,Fokker 70,78
1276,1296002.jpg,Fokker 70,78
1277,1893205.jpg,Fokker 70,78
1278,1044385.jpg,Fokker 70,78
1279,0989702.jpg,Fokker 70,78
1280,0136150.jpg,Fokker 70,78
1281,1240934.jpg,Fokker 70,78
1282,0792288.jpg,Fokker 70,78
1283,1385519.jpg,Fokker 70,78
1284,0845910.jpg,Fokker 70,78
1285,0418567.jpg,Fokker 70,78
1286,0192624.jpg,Fokker 70,78
1287,1626921.jpg,Fokker 70,78
1288,1204183.jpg,Fokker 70,78
1289,1521758.jpg,Fokker 70,78
1290,1190655.jpg,Fokker 70,78
1291,1800217.jpg,Global Express,79
1292,0774288.jpg,Global Express,79
1293,1276526.jpg,Global Express,79
1294,0318594.jpg,Global Express,79
1295,1048552.jpg,Global Express,79
1296,1409998.jpg,Global Express,79
1297,2188615.jpg,Global Express,79
1298,1028093.jpg,Global Express,79
1299,1303402.jpg,Global Express,79
1300,0518626.jpg,Global Express,79
1301,2226825.jpg,Global Express,79
1302,0422687.jpg,Global Express,79
1303,1276405.jpg,Global Express,79
1304,1004738.jpg,Global Express,79
1305,0298506.jpg,Global Express,79
1306,0864334.jpg,Global Express,79
1307,0447806.jpg,Gulfstream IV,80
1308,1092415.jpg,Gulfstream IV,80
1309,1113385.jpg,Gulfstream IV,80
1310,1410102.jpg,Gulfstream IV,80
1311,1195689.jpg,Gulfstream IV,80
1312,1311421.jpg,Gulfstream IV,80
1313,1111016.jpg,Gulfstream IV,80
1314,0497894.jpg,Gulfstream IV,80
1315,1498679.jpg,Gulfstream IV,80
1316,1449103.jpg,Gulfstream IV,80
1317,1345040.jpg,Gulfstream IV,80
1318,0977899.jpg,Gulfstream IV,80
1319,0851156.jpg,Gulfstream IV,80
1320,1054081.jpg,Gulfstream IV,80
1321,1100739.jpg,Gulfstream IV,80
1322,1700389.jpg,Gulfstream IV,80
1323,1008569.jpg,Gulfstream V,81
1324,0555526.jpg,Gulfstream V,81
1325,1053425.jpg,Gulfstream V,81
1326,1098609.jpg,Gulfstream V,81
1327,1908679.jpg,Gulfstream V,81
1328,2041416.jpg,Gulfstream V,81
1329,1749597.jpg,Gulfstream V,81
1330,2019594.jpg,Gulfstream V,81
1331,2106202.jpg,Gulfstream V,81
1332,0868105.jpg,Gulfstream V,81
1333,1563038.jpg,Gulfstream V,81
1334,1447127.jpg,Gulfstream V,81
1335,2137160.jpg,Gulfstream V,81
1336,1290539.jpg,Gulfstream V,81
1337,0913940.jpg,Gulfstream V,81
1338,1347626.jpg,Gulfstream V,81
1339,0781152.jpg,Gulfstream V,81
1340,1859253.jpg,Hawk T1,82
1341,0893717.jpg,Hawk T1,82
1342,1574584.jpg,Hawk T1,82
1343,1244760.jpg,Hawk T1,82
1344,1452537.jpg,Hawk T1,82
1345,1822339.jpg,Hawk T1,82
1346,1551549.jpg,Hawk T1,82
1347,1248046.jpg,Hawk T1,82
1348,1477073.jpg,Hawk T1,82
1349,1606078.jpg,Hawk T1,82
1350,1476339.jpg,Hawk T1,82
1351,1082296.jpg,Hawk T1,82
1352,2223255.jpg,Hawk T1,82
1353,0961972.jpg,Hawk T1,82
1354,1677053.jpg,Hawk T1,82
1355,0554994.jpg,Hawk T1,82
1356,0523184.jpg,Il-76,83
1357,0737312.jpg,Il-76,83
1358,0757186.jpg,Il-76,83
1359,1063985.jpg,Il-76,83
1360,1050578.jpg,Il-76,83
1361,1617995.jpg,Il-76,83
1362,0811679.jpg,Il-76,83
1363,0522959.jpg,Il-76,83
1364,1202520.jpg,Il-76,83
1365,1002202.jpg,Il-76,83
1366,1999871.jpg,Il-76,83
1367,0979868.jpg,Il-76,83
1368,1682062.jpg,Il-76,83
1369,1033762.jpg,Il-76,83
1370,1826520.jpg,Il-76,83
1371,1066875.jpg,Il-76,83
1372,1200650.jpg,L-1011,84
1373,1277604.jpg,L-1011,84
1374,0829650.jpg,L-1011,84
1375,1010683.jpg,L-1011,84
1376,0783899.jpg,L-1011,84
1377,1287739.jpg,L-1011,84
1378,0063277.jpg,L-1011,84
1379,0066409.jpg,L-1011,84
1380,0723207.jpg,L-1011,84
1381,0136158.jpg,L-1011,84
1382,0602750.jpg,L-1011,84
1383,0923717.jpg,L-1011,84
1384,0869717.jpg,L-1011,84
1385,0478340.jpg,L-1011,84
1386,0901522.jpg,L-1011,84
1387,1428219.jpg,L-1011,84
1388,0564173.jpg,L-1011,84
1389,0449729.jpg,MD-11,85
1390,1123299.jpg,MD-11,85
1391,1852373.jpg,MD-11,85
1392,1973423.jpg,MD-11,85
1393,0968445.jpg,MD-11,85
1394,1636315.jpg,MD-11,85
1395,0980556.jpg,MD-11,85
1396,0728940.jpg,MD-11,85
1397,1895800.jpg,MD-11,85
1398,0959267.jpg,MD-11,85
1399,1611576.jpg,MD-11,85
1400,1093250.jpg,MD-11,85
1401,0773076.jpg,MD-11,85
1402,1283960.jpg,MD-11,85
1403,1997993.jpg,MD-11,85
1404,0174853.jpg,MD-11,85
1405,1421262.jpg,MD-80,86
1406,0665003.jpg,MD-80,86
1407,0704265.jpg,MD-80,86
1408,0702840.jpg,MD-80,86
1409,1095342.jpg,MD-80,86
1410,1636453.jpg,MD-80,86
1411,0063272.jpg,MD-80,86
1412,1676760.jpg,MD-80,86
1413,0127050.jpg,MD-80,86
1414,1280724.jpg,MD-80,86
1415,1193890.jpg,MD-80,86
1416,1036880.jpg,MD-80,86
1417,1553820.jpg,MD-80,86
1418,1875195.jpg,MD-80,86
1419,0944254.jpg,MD-80,86
1420,2217838.jpg,MD-80,86
1421,0782915.jpg,MD-87,87
1422,0187233.jpg,MD-87,87
1423,1227256.jpg,MD-87,87
1424,1383342.jpg,MD-87,87
1425,0109457.jpg,MD-87,87
1426,1467694.jpg,MD-87,87
1427,1004662.jpg,MD-87,87
1428,1364623.jpg,MD-87,87
1429,0193729.jpg,MD-87,87
1430,0478967.jpg,MD-87,87
1431,0127034.jpg,MD-87,87
1432,1265380.jpg,MD-87,87
1433,0056589.jpg,MD-87,87
1434,1772017.jpg,MD-87,87
1435,0321715.jpg,MD-87,87
1436,0418704.jpg,MD-87,87
1437,0193728.jpg,MD-87,87
1438,2247794.jpg,MD-90,88
1439,0719543.jpg,MD-90,88
1440,0622055.jpg,MD-90,88
1441,1429156.jpg,MD-90,88
1442,0487344.jpg,MD-90,88
1443,1469731.jpg,MD-90,88
1444,1340282.jpg,MD-90,88
1445,0202411.jpg,MD-90,88
1446,0063102.jpg,MD-90,88
1447,0487360.jpg,MD-90,88
1448,1480281.jpg,MD-90,88
1449,1264191.jpg,MD-90,88
1450,1366848.jpg,MD-90,88
1451,1388982.jpg,MD-90,88
1452,1223344.jpg,MD-90,88
1453,2226297.jpg,MD-90,88
1454,0109656.jpg,Metroliner,89
1455,0132987.jpg,Metroliner,89
1456,0984996.jpg,Metroliner,89
1457,0063920.jpg,Metroliner,89
1458,1569462.jpg,Metroliner,89
1459,0447765.jpg,Metroliner,89
1460,0405438.jpg,Metroliner,89
1461,1146072.jpg,Metroliner,89
1462,0411770.jpg,Metroliner,89
1463,1026075.jpg,Metroliner,89
1464,0975826.jpg,Metroliner,89
1465,2031392.jpg,Metroliner,89
1466,0634628.jpg,Metroliner,89
1467,0977247.jpg,Metroliner,89
1468,1428031.jpg,Metroliner,89
1469,0735014.jpg,Metroliner,89
1470,1319235.jpg,Model B200,90
1471,1933878.jpg,Model B200,90
1472,1859488.jpg,Model B200,90
1473,1523054.jpg,Model B200,90
1474,1843606.jpg,Model B200,90
1475,1054551.jpg,Model B200,90
1476,1472109.jpg,Model B200,90
1477,1461716.jpg,Model B200,90
1478,1376665.jpg,Model B200,90
1479,1468387.jpg,Model B200,90
1480,1373934.jpg,Model B200,90
1481,0738021.jpg,Model B200,90
1482,1293480.jpg,Model B200,90
1483,0877087.jpg,Model B200,90
1484,0628313.jpg,Model B200,90
1485,1496926.jpg,Model B200,90
1486,1688962.jpg,Model B200,90
1487,1507344.jpg,PA-28,91
1488,1116484.jpg,PA-28,91
1489,1179294.jpg,PA-28,91
1490,1593589.jpg,PA-28,91
1491,1798545.jpg,PA-28,91
1492,1311406.jpg,PA-28,91
1493,1593381.jpg,PA-28,91
1494,1679468.jpg,PA-28,91
1495,0791201.jpg,PA-28,91
1496,1344994.jpg,PA-28,91
1497,1482540.jpg,PA-28,91
1498,2114201.jpg,PA-28,91
1499,2228410.jpg,PA-28,91
1500,0104814.jpg,PA-28,91
1501,1161939.jpg,PA-28,91
1502,2210244.jpg,PA-28,91
1503,1747769.jpg,SR-20,92
1504,1234236.jpg,SR-20,92
1505,2014222.jpg,SR-20,92
1506,1281757.jpg,SR-20,92
1507,1482541.jpg,SR-20,92
1508,1278141.jpg,SR-20,92
1509,1104662.jpg,SR-20,92
1510,1646015.jpg,SR-20,92
1511,2048410.jpg,SR-20,92
1512,1603711.jpg,SR-20,92
1513,1650403.jpg,SR-20,92
1514,2162060.jpg,SR-20,92
1515,1261973.jpg,SR-20,92
1516,2202486.jpg,SR-20,92
1517,1711191.jpg,SR-20,92
1518,2073469.jpg,SR-20,92
1519,0711206.jpg,Saab 2000,93
1520,1312743.jpg,Saab 2000,93
1521,1014304.jpg,Saab 2000,93
1522,0451224.jpg,Saab 2000,93
1523,0962576.jpg,Saab 2000,93
1524,0114421.jpg,Saab 2000,93
1525,1966254.jpg,Saab 2000,93
1526,2157193.jpg,Saab 2000,93
1527,1878600.jpg,Saab 2000,93
1528,2211302.jpg,Saab 2000,93
1529,0880559.jpg,Saab 2000,93
1530,1232503.jpg,Saab 2000,93
1531,1827290.jpg,Saab 2000,93
1532,1975739.jpg,Saab 2000,93
1533,1054576.jpg,Saab 2000,93
1534,1314986.jpg,Saab 2000,93
1535,0923766.jpg,Saab 2000,93
1536,1668966.jpg,Saab 340,94
1537,0740887.jpg,Saab 340,94
1538,1895223.jpg,Saab 340,94
1539,0114415.jpg,Saab 340,94
1540,0562555.jpg,Saab 340,94
1541,0098085.jpg,Saab 340,94
1542,0437932.jpg,Saab 340,94
1543,0129325.jpg,Saab 340,94
1544,1444742.jpg,Saab 340,94
1545,1390114.jpg,Saab 340,94
1546,1754871.jpg,Saab 340,94
1547,1977817.jpg,Saab 340,94
1548,2222402.jpg,Saab 340,94
1549,1559316.jpg,Saab 340,94
1550,1989990.jpg,Saab 340,94
1551,1714819.jpg,Saab 340,94
1552,0902419.jpg,Spitfire,95
1553,1250763.jpg,Spitfire,95
1554,2132425.jpg,Spitfire,95
1555,1373249.jpg,Spitfire,95
1556,1969068.jpg,Spitfire,95
1557,1754084.jpg,Spitfire,95
1558,1735417.jpg,Spitfire,95
1559,2171883.jpg,Spitfire,95
1560,1409353.jpg,Spitfire,95
1561,2162376.jpg,Spitfire,95
1562,1767079.jpg,Spitfire,95
1563,1115131.jpg,Spitfire,95
1564,2181546.jpg,Spitfire,95
1565,0713693.jpg,Spitfire,95
1566,1174379.jpg,Spitfire,95
1567,0876577.jpg,Spitfire,95
1568,1859254.jpg,Tornado,96
1569,2118956.jpg,Tornado,96
1570,2063400.jpg,Tornado,96
1571,0891419.jpg,Tornado,96
1572,1335029.jpg,Tornado,96
1573,1607515.jpg,Tornado,96
1574,1931348.jpg,Tornado,96
1575,2094375.jpg,Tornado,96
1576,1607467.jpg,Tornado,96
1577,1258555.jpg,Tornado,96
1578,0607518.jpg,Tornado,96
1579,1349343.jpg,Tornado,96
1580,1241521.jpg,Tornado,96
1581,1966895.jpg,Tornado,96
1582,1349314.jpg,Tornado,96
1583,2136392.jpg,Tornado,96
1584,1767577.jpg,Tornado,96
1585,0618972.jpg,Tu-134,97
1586,0523142.jpg,Tu-134,97
1587,0523009.jpg,Tu-134,97
1588,1182715.jpg,Tu-134,97
1589,0921289.jpg,Tu-134,97
1590,0062669.jpg,Tu-134,97
1591,1312387.jpg,Tu-134,97
1592,0759971.jpg,Tu-134,97
1593,0063292.jpg,Tu-134,97
1594,0525710.jpg,Tu-134,97
1595,1166761.jpg,Tu-134,97
1596,0105827.jpg,Tu-134,97
1597,0944175.jpg,Tu-134,97
1598,0523155.jpg,Tu-134,97
1599,0523187.jpg,Tu-134,97
1600,1594711.jpg,Tu-134,97
1601,0062675.jpg,Tu-154,98
1602,0901364.jpg,Tu-154,98
1603,1430019.jpg,Tu-154,98
1604,1447126.jpg,Tu-154,98
1605,1302750.jpg,Tu-154,98
1606,1088786.jpg,Tu-154,98
1607,1590459.jpg,Tu-154,98
1608,0062771.jpg,Tu-154,98
1609,1044149.jpg,Tu-154,98
1610,0487397.jpg,Tu-154,98
1611,0103328.jpg,Tu-154,98
1612,0944240.jpg,Tu-154,98
1613,0939483.jpg,Tu-154,98
1614,1244289.jpg,Tu-154,98
1615,0184994.jpg,Tu-154,98
1616,0062722.jpg,Tu-154,98
1617,0066408.jpg,Yak-42,99
1618,1611239.jpg,Yak-42,99
1619,1544139.jpg,Yak-42,99
1620,1000013.jpg,Yak-42,99
1621,1627581.jpg,Yak-42,99
1622,1696014.jpg,Yak-42,99
1623,1581695.jpg,Yak-42,99
1624,0490185.jpg,Yak-42,99
1625,1597829.jpg,Yak-42,99
1626,1284223.jpg,Yak-42,99
1627,1790927.jpg,Yak-42,99
1628,1176914.jpg,Yak-42,99
1629,0901509.jpg,Yak-42,99
1630,1501838.jpg,Yak-42,99
1631,0077513.jpg,Yak-42,99
1632,0606123.jpg,Yak-42,99
1633,1826524.jpg,Yak-42,99
